{
	"name": "AIR-ANT5175V-N",
	"Make": "Cisco", 
	"Freq": [5800],
	"Gain": 7.5,
	"angle": [0,1,2,3,4,5,6,7,8,9,10,11,12,13,14,15,16,17,18,19,20,21,22,23,24,25,26,27,28,29,30,31,32,33,34,35,36,37,38,39,40,41,42,43,44,45,46,47,48,49,50,51,52,53,54,55,56,57,58,59,60,61,62,63,64,65,66,67,68,69,70,71,72,73,74,75,76,77,78,79,80,81,82,83,84,85,86,87,88,89,90,91,92,93,94,95,96,97,98,99,100,101,102,103,104,105,106,107,108,109,110,111,112,113,114,115,116,117,118,119,120,121,122,123,124,125,126,127,128,129,130,131,132,133,134,135,136,137,138,139,140,141,142,143,144,145,146,147,148,149,150,151,152,153,154,155,156,157,158,159,160,161,162,163,164,165,166,167,168,169,170,171,172,173,174,175,176,177,178,179,180,181,182,183,184,185,186,187,188,189,190,191,192,193,194,195,196,197,198,199,200,201,202,203,204,205,206,207,208,209,210,211,212,213,214,215,216,217,218,219,220,221,222,223,224,225,226,227,228,229,230,231,232,233,234,235,236,237,238,239,240,241,242,243,244,245,246,247,248,249,250,251,252,253,254,255,256,257,258,259,260,261,262,263,264,265,266,267,268,269,270,271,272,273,274,275,276,277,278,279,280,281,282,283,284,285,286,287,288,289,290,291,292,293,294,295,296,297,298,299,300,301,302,303,304,305,306,307,308,309,310,311,312,313,314,315,316,317,318,319,320,321,322,323,324,325,326,327,328,329,330,331,332,333,334,335,336,337,338,339,340,341,342,343,344,345,346,347,348,349,350,351,352,353,354,355,356,357,358,359],
	"horiz": [0,0,0,0,0,0,0,0,0,0,0,0,0,0,0,0,0,0,0,0,0,0,0,0,0,0,0,0,0,0,0,0,0,0,0,0,0,0,0,0,0,0,0,0,0,0,0,0,0,0,0,0,0,0,0,0,0,0,0,0,0,0,0,0,0,0,0,0,0,0,0,0,0,0,0,0,0,0,0,0,0,0,0,0,0,0,0,0,0,0,0,0,0,0,0,0,0,0,0,0,0,0,0,0,0,0,0,0,0,0,0,0,0,0,0,0,0,0,0,0,0,0,0,0,0,0,0,0,0,0,0,0,0,0,0,0,0,0,0,0,0,0,0,0,0,0,0,0,0,0,0,0,0,0,0,0,0,0,0,0,0,0,0,0,0,0,0,0,0,0,0,0,0,0,0,0,0,0,0,0,0,0,0,0,0,0,0,0,0,0,0,0,0,0,0,0,0,0,0,0,0,0,0,0,0,0,0,0,0,0,0,0,0,0,0,0,0,0,0,0,0,0,0,0,0,0,0,0,0,0,0,0,0,0,0,0,0,0,0,0,0,0,0,0,0,0,0,0,0,0,0,0,0,0,0,0,0,0,0,0,0,0,0,0,0,0,0,0,0,0,0,0,0,0,0,0,0,0,0,0,0,0,0,0,0,0,0,0,0,0,0,0,0,0,0,0,0,0,0,0,0,0,0,0,0,0,0,0,0,0,0,0,0,0,0,0,0,0,0,0,0,0,0,0,0,0,0,0,0,0,0,0,0,0,0,0,0,0,0,0,0,0,0,0,0,0,0,0,0,0,0,0,0,0,0,0,0,0,0,0],
	"vert": [0,0.09009,0.18018,0.27027,0.63063,1.08108,1.8018,2.52252,3.69369,4.86486,6.21622,7.74775,9.72973,11.44144,13.42342,15.40541,17.38739,18.28829,17.2973,16.03604,15.22523,14.05405,13.24324,12.7027,12.7027,13.15315,13.87387,15.04504,16.57658,18.37838,20.9009,23.87387,27.83784,28.1982,26.48649,25.58558,24.41442,23.15315,22.07207,20.9009,19.63964,18.73874,17.65766,16.57658,15.67568,14.68468,13.96396,13.15315,12.43243,11.98198,11.71171,11.53153,11.44144,11.44144,11.35135,11.44144,11.53153,11.62162,11.89189,11.98198,12.25225,12.52252,12.97297,13.6036,14.32432,15.04504,15.67568,16.30631,17.11712,17.83784,18.64865,19.27928,20.09009,20.9009,21.62162,22.43243,22.97297,23.6036,24.50451,25.31532,26.03604,26.84685,27.65766,28.55856,29.54955,30.45045,30.99099,32.34234,33.51351,34.32433,35.13514,34.32433,33.51351,32.34234,30.99099,30.45045,29.54955,28.55856,27.65766,26.84685,26.03604,25.31532,24.50451,23.6036,22.97297,22.43243,21.62162,20.9009,20.09009,19.27928,18.64865,17.83784,17.11712,16.30631,15.67568,15.04504,14.32432,13.6036,12.97297,12.52252,12.25225,11.98198,11.89189,11.62162,11.53153,11.44144,11.35135,11.44144,11.44144,11.53153,11.71171,11.98198,12.43243,13.15315,13.96396,14.68468,15.67568,16.57658,17.65766,18.73874,19.63964,20.9009,22.07207,23.15315,24.41442,25.58558,26.48649,28.1982,27.83784,23.87387,20.9009,18.37838,16.57658,15.04504,13.87387,13.15315,12.7027,12.7027,13.24324,14.05405,15.22523,16.03604,17.2973,18.28829,17.38739,15.40541,13.42342,11.44144,9.72973,7.74775,6.21622,4.86486,3.69369,2.52252,1.8018,1.08108,0.63063,0.27027,0.18018,0.09009,0,0.18018,0.36036,0.81081,1.53153,2.25225,3.42342,4.86486,6.3964,8.28829,10.36036,12.25225,14.32432,15.76577,17.38739,18.28829,19.0991,18.01802,16.84685,15.22523,13.87387,12.52252,11.53153,10.72072,10.36036,10.27027,10.18018,10.27027,10.63063,11.08108,11.8018,13.06306,15.13513,18.01802,22.88288,25.22523,24.14414,22.88288,21.71171,20.81081,19.90991,19.18919,18.55856,18.1982,17.92793,17.74775,17.56757,17.74775,18.1982,19.0991,20,20.99099,22.07207,23.06306,23.78378,24.50451,24.95495,24.77477,24.41442,23.87387,23.24324,22.61261,22.16216,21.35135,20.54054,19.63964,18.91892,17.92793,17.20721,16.48649,16.03604,15.67568,15.4955,15.40541,15.4955,15.58559,15.85586,16.03604,16.3964,16.84685,17.47748,18.28829,19.0991,20.54054,21.89189,24.14414,26.03604,29.45946,32.34234,34.86486,37.20721,34.86486,32.34234,29.45946,26.03604,24.14414,21.89189,20.54054,19.0991,18.28829,17.47748,16.84685,16.3964,16.03604,15.85586,15.58559,15.4955,15.40541,15.4955,15.67568,16.03604,16.48649,17.20721,17.92793,18.91892,19.63964,20.54054,21.35135,22.16216,22.61261,23.24324,23.87387,24.41442,24.77477,24.95495,24.50451,23.78378,23.06306,22.07207,20.99099,20,19.0991,18.1982,17.74775,17.56757,17.74775,17.92793,18.1982,18.55856,19.18919,19.90991,20.81081,21.71171,22.88288,24.14414,25.22523,22.88288,18.01802,15.13513,13.06306,11.8018,11.08108,10.63063,10.27027,10.18018,10.27027,10.36036,10.72072,11.53153,12.52252,13.87387,15.22523,16.84685,18.01802,19.0991,18.28829,17.38739,15.76577,14.32432,12.25225,10.36036,8.28829,6.3964,4.86486,3.42342,2.25225,1.53153,0.81081,0.36036,0.18018]
}